http://www.aps.dz/en//en/algeria/35518-president-tebboune-macron-have-telephone-conversation|President Tebboune, Macron have telephone conversation - Thursday, 27 August 2020 19:30|aps|Algeria Press Service
http://www.aps.dz/en//en/algeria/35517-covid-19-over-30-000-algerians-repatriated-since-last-march|Covid-19: Over 30,000 Algerians repatriated since last March - Thursday, 27 August 2020 19:11|aps|Algeria Press Service
http://www.aps.dz/en//en/economy/35516-covid-19-draft-decree-to-maintain-interest-rate-subsidy-for-companies-individuals|Covid-19: Draft decree to maintain interest rate subsidy for companies, individuals - Thursday, 27 August 2020 18:21|aps|Algeria Press Service
http://www.aps.dz/en//en/health-science-technology/35515-covid-19-397-new-cases-271-recoveries-and-10-deaths|Covid-19: 397 new cases, 271 recoveries and 10 deaths - Thursday, 27 August 2020 17:17|aps|Algeria Press Service
http://www.aps.dz/en//en/algeria/35514-algeria-sends-100-tonnes-of-humanitarian-aids-to-niger|Algeria sends 100 tonnes of humanitarian aids to Niger - Thursday, 27 August 2020 17:02|aps|Algeria Press Service
http://www.aps.dz/en//en/algeria/35513-draft-decree-establishing-industrial-agriculture-development-office-in-south|Draft decree establishing Industrial Agriculture Development Office in south - Thursday, 27 August 2020 15:18|aps|Algeria Press Service
http://www.aps.dz/en//en/health-science-technology/35511-internet-release-of-new-frequencies-to-improve-speed-rapidly|Internet: Release of new frequencies to improve speed rapidly  - Thursday, 27 August 2020 11:32|aps|Algeria Press Service
http://www.aps.dz/en//en/algeria/35510-lower-house-2020-2021-ordinary-session-to-open-wednesday|Lower House: 2020-2021 ordinary session to open Wednesday - Thursday, 27 August 2020 11:13|aps|Algeria Press Service
http://www.aps.dz/en//en/algeria/35509-covid-19-486-algerian-nationals-repatriated-from-morocco-france|Covid-19: 486 Algerian nationals repatriated from Morocco, France - Thursday, 27 August 2020 11:13|aps|Algeria Press Service
http://www.aps.dz/en//en/economy/35508-jijel-10-000-litres-of-olive-oil-exported-to-europe-from-djen-djen-port|Jijel: 10,000 litres of olive oil exported to Europe from Djen Djen Port - Thursday, 27 August 2020 09:39|aps|Algeria Press Service
http://www.aps.dz/en//en/world/35507-human-rights-defense-mechanism-for-western-sahara|Human rights defense mechanism for Western Sahara � - Thursday, 27 August 2020 09:32|aps|Algeria Press Service
http://www.aps.dz/en//en/algeria/35506-algeria-s-borders-in-good-hands-of-army|Algeria's borders are in safe hands of Army - Wednesday, 26 August 2020 19:11|aps|Algeria Press Service
http://www.aps.dz/en//en/world/35505-un-virtual-meeting-to-celebrate-the-international-day-against-nuclear-tests|UN Virtual meeting to celebrate International Day Against Nuclear Tests - Wednesday, 26 August 2020 19:01|aps|Algeria Press Service
http://www.aps.dz/en//en/algeria/35504-protecting-executives-against-arbitrary-practices-will-optimize-their-management|Protecting executives against arbitrary practices will optimize their management - Wednesday, 26 August 2020 18:20|aps|Algeria Press Service
http://www.aps.dz/en//en/health-science-technology/35503-covid-19-391-new-cases-299-recoveries-and-9-deaths|Covid-19: 391 new cases, 299 recoveries and 9 deaths - Wednesday, 26 August 2020 17:20|aps|Algeria Press Service
http://www.aps.dz/en//en/algeria/35502-nuclear-power-france-called-upon-to-dig-up-waste-in-south-of-algeria|Nuclear explosions: France called upon to dig up waste in south of Algeria - Wednesday, 26 August 2020 15:09|aps|Algeria Press Service
http://www.aps.dz/en//en/sports/35501-judo-federation-opens-door-to-algerian-immigrants-expatriates|Judo Federation opens door to Algerian expatriates - Wednesday, 26 August 2020 11:35|aps|Algeria Press Service
http://www.aps.dz/en//en/culture/35500-recovery-of-gargon-mask-reward-for-culture-sector-in-preserving-archaeological-heritage|Recovery of Gargon Mask, stresses Culture sector's role in preserving archaeological heritage - Wednesday, 26 August 2020 09:08|aps|Algeria Press Service
http://www.aps.dz/en//en/sports/35499-au-youth-ministers-adopt-recommendations-to-mitigate-impact-of-covid-19|AU Youth Ministers adopt recommendations to mitigate impact of Covid-19 - Tuesday, 25 August 2020 18:13|aps|Algeria Press Service
http://www.aps.dz/en//en/world/35498-libya-s-return-to-international-scene-a-boost-for-amu|Libya's return to international scene, a boost for AMU - Tuesday, 25 August 2020 17:42|aps|Algeria Press Service
http://www.aps.dz/en//en/algeria/35513-draft-decree-establishing-industrial-agriculture-development-office-in-south|Draft decree establishing Industrial Agriculture Development Office in south|aps|Algeria Press Service
http://www.aps.dz/en//en/algeria/35489-referendum-on-constitutional-revision-set-for-november-1|Referendum on constitutional revision set for November 1|aps|Algeria Press Service
http://www.aps.dz/en//en/algeria/35468-president-tebboune-chairs-at-cherchell-military-academy-graduation-of-three-promotions-of-officers|President Tebboune chairs, at Cherchell Military Academy, graduation of�|aps|Algeria Press Service
http://www.aps.dz/en//en/algeria/35463-president-tebboune-chairs-at-cherchell-military-academy-graduation-of-three-promotions-of-officers|President Tebboune chairs, at Cherchell Military Academy, graduation of�|aps|Algeria Press Service
http://www.aps.dz/en//en/algeria/35518-president-tebboune-macron-have-telephone-conversation|President Tebboune, Macron have telephone�|aps|Algeria Press Service
http://www.aps.dz/en//en/algeria/35517-covid-19-over-30-000-algerians-repatriated-since-last-march|Covid-19: Over 30,000 Algerians repatriated since�|aps|Algeria Press Service
http://www.aps.dz/en//en/economy/35516-covid-19-draft-decree-to-maintain-interest-rate-subsidy-for-companies-individuals|Covid-19: Draft decree to maintain interest rate�|aps|Algeria Press Service
http://www.aps.dz/en//en/health-science-technology/35515-covid-19-397-new-cases-271-recoveries-and-10-deaths|Covid-19: 397 new cases, 271 recoveries and 10�|aps|Algeria Press Service
http://www.aps.dz/en//en/algeria/35514-algeria-sends-100-tonnes-of-humanitarian-aids-to-niger|Algeria sends 100 tonnes of humanitarian aids to�|aps|Algeria Press Service
http://www.aps.dz/en//en/algeria/35513-draft-decree-establishing-industrial-agriculture-development-office-in-south|Draft decree establishing Industrial Agriculture�|aps|Algeria Press Service
http://www.aps.dz/en//en/health-science-technology/35511-internet-release-of-new-frequencies-to-improve-speed-rapidly|Internet: Release of new frequencies to improve�|aps|Algeria Press Service
http://www.aps.dz/en//en/algeria/35510-lower-house-2020-2021-ordinary-session-to-open-wednesday|Lower House: 2020-2021 ordinary session to open�|aps|Algeria Press Service
http://www.aps.dz/en//en/algeria/35509-covid-19-486-algerian-nationals-repatriated-from-morocco-france|Covid-19: 486 Algerian nationals repatriated from�|aps|Algeria Press Service
http://www.aps.dz/en//en/economy/35508-jijel-10-000-litres-of-olive-oil-exported-to-europe-from-djen-djen-port|Jijel: 10,000 litres of olive oil exported to�|aps|Algeria Press Service
http://www.aps.dz/en//en/economy/35488-energy-consumption-job-and-wealth-generating-sector-prioritized|Energy consumption: Job and wealth generating�|aps|Algeria Press Service
http://www.aps.dz/en//en/algeria/35482-government-will-pursue-efforts-to-clean-up-advertising-sector-says-belhimer|Government will pursue efforts �to clean up��|aps|Algeria Press Service
http://www.aps.dz/en//en/algeria/35489-referendum-on-constitutional-revision-set-for-november-1|Referendum on constitutional revision set for�|aps|Algeria Press Service
http://www.aps.dz/en//en/economy/35483-solar-power-plants-two-new-programmes-of-500-megawatts-each-to-be-launched-soon|Solar power plants: Two new programmes of 500�|aps|Algeria Press Service
http://www.aps.dz/en//en/world/35498-libya-s-return-to-international-scene-a-boost-for-amu|Libya's return to international scene, a boost�|aps|Algeria Press Service
http://www.aps.dz/en//en/sports/35499-au-youth-ministers-adopt-recommendations-to-mitigate-impact-of-covid-19|AU Youth Ministers adopt recommendations to�|aps|Algeria Press Service
http://www.aps.dz/en//en/algeria/35480-president-tebboune-receives-india-s-outgoing-ambassador|President Tebboune receives India's outgoing�|aps|Algeria Press Service
http://www.aps.dz/en//en/society/35481-road-accidents-death-toll-declines-in-last-seven-months|Road accidents: Death toll declines in last seven�|aps|Algeria Press Service
http://www.aps.dz/en//en/economy/35479-president-tebboune-assigns-nesc-as-mediator-between-government-economic-operators|President Tebboune assigns NESC as mediator�|aps|Algeria Press Service
http://www.aps.dz/en//en/sports/35485-algeria-partakes-in-6th-international-military-games|Algeria partakes in 6th International Military�|aps|Algeria Press Service
http://www.aps.dz/en//en/algeria/35517-covid-19-over-30-000-algerians-repatriated-since-last-march|Covid-19: Over 30,000 Algerians repatriated since last March|aps|Algeria Press Service
http://www.aps.dz/en//en/economy/35516-covid-19-draft-decree-to-maintain-interest-rate-subsidy-for-companies-individuals|Covid-19: Draft decree to maintain interest rate subsidy for companies, individuals|aps|Algeria Press Service
http://www.aps.dz/en//en/health-science-technology/35515-covid-19-397-new-cases-271-recoveries-and-10-deaths|Covid-19: 397 new cases, 271 recoveries and 10 deaths|aps|Algeria Press Service
http://www.aps.dz/en//en/algeria/35514-algeria-sends-100-tonnes-of-humanitarian-aids-to-niger|Algeria sends 100 tonnes of humanitarian aids to Niger|aps|Algeria Press Service
http://www.aps.dz/en//en/algeria/35506-algeria-s-borders-in-good-hands-of-army|"Algeria's borders are in ""safe hands"" of Army"|aps|Algeria Press Service
http://www.aps.dz/en//en/algeria/35518-president-tebboune-macron-have-telephone-conversation|President Tebboune, Macron have telephone conversation|aps|Algeria Press Service
http://www.aps.dz/en//en/algeria/35509-covid-19-486-algerian-nationals-repatriated-from-morocco-france|Covid-19: 486 Algerian nationals repatriated from Morocco, France|aps|Algeria Press Service
http://www.aps.dz/en//en/algeria/35510-lower-house-2020-2021-ordinary-session-to-open-wednesday|Lower House: 2020-2021 ordinary session to open Wednesday|aps|Algeria Press Service
http://www.aps.dz/en//en/algeria/35504-protecting-executives-against-arbitrary-practices-will-optimize-their-management|Protecting executives against arbitrary practices will optimize their management|aps|Algeria Press Service
http://www.aps.dz/en//en/algeria/35450-algeria-embarks-on-new-era-of-its-history|Algeria embarks on new era of its history|aps|Algeria Press Service
http://www.aps.dz/en//en/algeria/35001-third-terrorist-killed-in-medea|Third terrorist killed in Medea|aps|Algeria Press Service
http://www.aps.dz/en//en/algeria/34988-prime-minister-to-meet-with-social-partners-economic-operators-on-saturday|Prime Minister to meet with social partners, economic operators on�|aps|Algeria Press Service
http://www.aps.dz/en//en/algeria/34854-parliament-s-lower-house-to-take-part-in-pam-meeting|Parliament�s Lower House to take part in PAM meeting|aps|Algeria Press Service
http://www.aps.dz/en//en/algeria/34824-independence-day-president-tebboune-grants-pardon-to-4700-detainees|Independence Day: President Tebboune grants pardon to 4700 detainees|aps|Algeria Press Service
http://www.aps.dz/en//en/algeria/35489-referendum-on-constitutional-revision-set-for-november-1|Referendum on constitutional revision set for November 1|aps|Algeria Press Service
http://www.aps.dz/en//en/algeria/34821-election-authority-submits-proposals-to-committee-of-experts|Election authority submits proposals to Committee of Experts|aps|Algeria Press Service
http://www.aps.dz/en//en/algeria/34538-draft-amendment-to-constitution-constitutional-council-submits-proposals-to-president-of-republic|Constitution: Constitutional Council submits proposals to President of Republic|aps|Algeria Press Service
http://www.aps.dz/en//en/algeria/34179-draft-revision-of-constitution-constitutional-court-to-replace-constitutional-council|Draft revision of Constitution: Constitutional court to replace Constitutional Council|aps|Algeria Press Service
http://www.aps.dz/en//en/algeria/34175-draft-revision-of-constitution-national-independent-authority-for-elections-constitutionalized|Draft constitutional revision: Independent Authority for Elections constitutionalized|aps|Algeria Press Service
http://www.aps.dz/en//en/economy/34174-draft-revision-of-constitution-guarantees-for-more-effective-protection-of-public-funds|Guarantees for more effective protection of public funds|aps|Algeria Press Service
http://www.aps.dz/en//en/economy/35508-jijel-10-000-litres-of-olive-oil-exported-to-europe-from-djen-djen-port|Jijel: 10,000 litres of olive oil exported to Europe from Djen Djen Port|aps|Algeria Press Service
http://www.aps.dz/en//en/economy/35493-algeria-s-annual-inflation-rate-at-2-2-late-july|Algeria's annual inflation rate at 2.2% late July|aps|Algeria Press Service
http://www.aps.dz/en//en/economy/35483-solar-power-plants-two-new-programmes-of-500-megawatts-each-to-be-launched-soon|Solar power plants: Two new programmes of 500 megawatts each to be launched soon|aps|Algeria Press Service
http://www.aps.dz/en//en/economy/35479-president-tebboune-assigns-nesc-as-mediator-between-government-economic-operators|President Tebboune assigns NESC as mediator between government, economic operators|aps|Algeria Press Service
http://www.aps.dz/en//en/economy/35477-tebboune-orders-reconsideration-of-land-sea-and-air-transport-system|Tebboune orders reconsideration of land, sea and air transport system|aps|Algeria Press Service
http://www.aps.dz/en//en/economy/35143-algeria-adopts-courageous-economic-policies|"Algeria adopts ""courageous"" economic policies"|aps|Algeria Press Service
http://www.aps.dz/en//en/economy/34590-rezig-discusses-with-eu-trade-commissioner|Rezig discusses with EU Trade Commissioner|aps|Algeria Press Service
http://www.aps.dz/en//en/economy/34541-sonatrach-oil-production-did-not-decrease-despite-staff-reduction|Sonatrach: Oil production did not decrease despite staff reduction|aps|Algeria Press Service
http://www.aps.dz/en//en/economy/34454-arkab-to-chair-179th-opec-conference-meeting-on-saturday|Arkab to Chair 179th OPEC Conference Meeting on Saturday|aps|Algeria Press Service
http://www.aps.dz/en//en/economy/34300-raouya-broaches-economic-cooperation-with-ifc-vice-president|Raouya broaches economic cooperation with IFC Vice President|aps|Algeria Press Service
http://www.aps.dz/en//en/world/35507-human-rights-defense-mechanism-for-western-sahara|Human rights defense mechanism for Western Sahara|aps|Algeria Press Service
http://www.aps.dz/en//en/world/35505-un-virtual-meeting-to-celebrate-the-international-day-against-nuclear-tests|UN Virtual meeting to celebrate International Day Against Nuclear Tests|aps|Algeria Press Service
http://www.aps.dz/en//en/world/35494-morocco-plans-to-erect-third-solar-power-plant-in-occupied-dakhla|Morocco plans to erect third solar power plant in occupied Dakhla|aps|Algeria Press Service
http://www.aps.dz/en//en/world/35084-escalation-in-libya-algiers-moscow-call-for-resumption-of-inter-libyan-dialogue|Escalation in Libya: Algiers, Moscow call for resumption of�|aps|Algeria Press Service
http://www.aps.dz/en//en/world/34647-arab-league-extraordinary-meeting-monday-on-libya|Arab League holds Monday extraordinary meeting on Libya|aps|Algeria Press Service
http://www.aps.dz/en//en/world/33317-guterres-alarmed-to-see-human-rights-under-assault|"Guterres alarmed to see human rights ""under assault"""|aps|Algeria Press Service
http://www.aps.dz/en//en/world/32767-berlin-conference-on-libyan-crisis-kicks-off|Berlin Conference on Libyan crisis kicks off|aps|Algeria Press Service
http://www.aps.dz/en//en/world/32620-polisario-front-rejects-crossing-of-a-rally-into-occupied-sahara-territories|Polisario Front rejects crossing of a Rally into occupied Sahara�|aps|Algeria Press Service
http://www.aps.dz/en//en/sports/35501-judo-federation-opens-door-to-algerian-immigrants-expatriates|Judo Federation opens door to Algerian expatriates|aps|Algeria Press Service
http://www.aps.dz/en//en/sports/35499-au-youth-ministers-adopt-recommendations-to-mitigate-impact-of-covid-19|AU Youth Ministers adopt recommendations to mitigate impact of Covid-19|aps|Algeria Press Service
http://www.aps.dz/en//en/sports/35365-covid-19-six-months-for-swimmers-qualified-for-tokyo-olympics-to-get-in-shape|Covid-19: Six months for swimmers, qualified for Tokyo Olympics, to get in shape|aps|Algeria Press Service
http://www.aps.dz/en//en/sports/35321-football-women-s-championship-jf-khroub-champion-of-algeria-for-2019-2020|Football/Women�s Championship: JF Khroub Champion of Algeria for 2019-2020|aps|Algeria Press Service
http://www.aps.dz/en//en/sports/35262-football-league-1-francois-ciccolini-new-coach-of-usm-algiers|Football/ League 1: Fran�ois Ciccolini new coach of USM Algiers|aps|Algeria Press Service
http://www.aps.dz/en//en/sports/32783-football-world-cup-2022-2nd-qualifying-round-africa-algeria-to-know-opponents-on-tuesday|Football World Cup-2022 (2nd qualifying round/Africa): Algeria to�|aps|Algeria Press Service
http://www.aps.dz/en//en/sports/32779-organization-of-africa-futsal-cup-of-nations-in-occupied-el-aaiun-widely-condemned|Organization of Africa Futsal Cup of Nations in occupied El-Aaiun�|aps|Algeria Press Service
http://www.aps.dz/en//en/sports/32487-senior-wrestling-national-championship-competition-on-tuesday-wednesday-at-mohamed-boudiaf-complex|National Wrestling Championship (Seniors): Competition on Tuesday,�|aps|Algeria Press Service
http://www.aps.dz/en//en/sports/32301-aps-to-launch-tuesday-best-athlete-survey-2019|APS to launch Tuesday Best Athlete Survey 2019|aps|Algeria Press Service
http://www.aps.dz/en//en/sports/31917-oujda-angad-open-algerian-mebarki-at-last-8|Oujda Angad Open: Algerian Mebarki books place in last 8|aps|Algeria Press Service
http://www.aps.dz/en//en/culture/35500-recovery-of-gargon-mask-reward-for-culture-sector-in-preserving-archaeological-heritage|Recovery of Gargon Mask, stresses Culture sector's role in preserving archaeological heritage|aps|Algeria Press Service
http://www.aps.dz/en//en/culture/35491-culture-integral-part-of-economic-reform-process|Culture, integral part of economic reform process|aps|Algeria Press Service
http://www.aps.dz/en//en/culture/35490-djerad-chairs-ceremony-awarding-artists-intellectuals|Djerad chairs ceremony awarding artists, intellectuals|aps|Algeria Press Service
http://www.aps.dz/en//en/culture/35446-the-salt-of-all-oblivion-yasmina-s-khadra-new-novel|"""The salt of all oblivion,"" Yasmina Khadra's new novel"|aps|Algeria Press Service
http://www.aps.dz/en//en/culture/35423-storyteller-seddik-mahi-partakes-in-virtual-edition-of-morocco-of-tales-international-festival|"Storyteller Seddik Mahi partakes in virtual edition of ""Morocco of Tales"" International�"|aps|Algeria Press Service
http://www.aps.dz/en//en/culture/34668-digital-portal-short-film-festival-33-films-to-particpate-in-june-s-edition|Digital Portal Short Film Festival: 33 films to participate in June's�|aps|Algeria Press Service
http://www.aps.dz/en//en/culture/34625-secretary-of-state-for-cultural-production-participates-in-virtual-seminar-music-in-resilience|Secretary of State for Cultural Production participates in virtual�|aps|Algeria Press Service
http://www.aps.dz/en//en/culture/34490-national-artist-day-prime-minister-extends-best-wishes-to-artists|National Artist Day: Prime Minister extends best wishes to artists|aps|Algeria Press Service
http://www.aps.dz/en//en/culture/33390-algerian-mounia-meddour-s-papicha-receives-two-cesar-awards|Algerian Mounia Meddour�s Papicha receives two C�sar Awards|aps|Algeria Press Service
http://www.aps.dz/en//en/culture/30667-francophone-film-festival-mounia-meddour-s-papicha-wins-three-awards|"Francophone Film Festival: Mounia Meddour's ""Papicha,"" wins three�"|aps|Algeria Press Service
http://www.aps.dz/en//en/society/35481-road-accidents-death-toll-declines-in-last-seven-months|Road accidents: Death toll declines in last seven months|aps|Algeria Press Service
http://www.aps.dz/en//en/society/35471-zakat-set-at-dzd705-500-year-1442|Zakat set at DZD705 500 for year 1442|aps|Algeria Press Service
http://www.aps.dz/en//en/society/35458-zawiyas-preserved-national-identity-society-s-values|Zawiyas preserved national identity, society�s values|aps|Algeria Press Service
http://www.aps.dz/en//en/society/34220-road-accident-25-killed-1-042-injured-in-one-week|Road accident: 25 killed, 1,042 injured in one week|aps|Algeria Press Service
http://www.aps.dz/en//en/society/33740-cra-distributes-foodstuffs-in-several-provinces-in-last-48-hours|CRA distributes foodstuffs in several provinces in last 48 hours|aps|Algeria Press Service
http://www.aps.dz/en//en/society/32520-road-accidents-114-people-injured-in-urban-areas-last-weekend|Road accidents: 114 people injured in urban areas last weekend|aps|Algeria Press Service
http://www.aps.dz/en//en/society/31766-road-accidents-24-dead-1-109-injured-in-one-week|Road accidents: 24 dead, 1,109 injured in one week|aps|Algeria Press Service
http://www.aps.dz/en//en/society/31269-road-accidents-9-killed-9-injured-in-48-hours|Road accidents: 9 killed, 9 injured in 48 hours|aps|Algeria Press Service
http://www.aps.dz/en//en/regions/35472-mila-3-4-magnitude-quake-jolts-grarem-gouga|Mila�: 3.4-magnitude quake jolts Grarem-Gouga|aps|Algeria Press Service
http://www.aps.dz/en//en/regions/35456-49-would-be-immigrants-arrested-off-mostaganem|49 would-be immigrants arrested off Mostaganem|aps|Algeria Press Service
http://www.aps.dz/en//en/regions/35380-ouargla-75-grey-areas-connected-to-landline-internet|Ouargla: 75 grey areas connected to landline, internet|aps|Algeria Press Service
http://www.aps.dz/en//en/algeria/35450-algeria-embarks-on-new-era-of-its-history|Algeria embarks on new era of its history|aps|Algeria Press Service
http://www.aps.dz/en//en/health-science-technology/35448-coronavirus-411-new-cases-310-recoveries-9-fatalities-in-last-24h|Coronavirus: 411 new cases, 310 recoveries, nine fatalities in last�|aps|Algeria Press Service
http://www.aps.dz/en//en/health-science-technology/35375-covid-19-algeria-records-469-new-cases-336-recoveries-and-nine-deaths-in-24-hours|Covid-19: Algeria records 469 new cases, 336 recoveries and nine�|aps|Algeria Press Service
http://www.aps.dz/en//en/regions/35351-4-2-magnitude-tremor-shakes-blida|4.2- magnitude tremor shakes Blida|aps|Algeria Press Service
http://www.aps.dz/en//en/regions/35293-tipaza-earthquake-no-human-material-losses-reported|Tipaza earthquake: No human, material losses reported|aps|Algeria Press Service
http://www.aps.dz/en//en/health-science-technology/35511-internet-release-of-new-frequencies-to-improve-speed-rapidly|"Internet: Release of new frequencies to improve speed ""rapidly"""|aps|Algeria Press Service
http://www.aps.dz/en//en/health-science-technology/35492-benbouzid-reiterates-commitment-to-ensure-health-safety|Benbouzid reiterates commitment to ensure health safety|aps|Algeria Press Service
http://www.aps.dz/en//en/health-science-technology/35401-internet-algerie-telecom-lowers-prices-launches-young-entrepreneurs-pack|Internet : Alg�rie T�l�com lowers prices, launches Young Entrepreneurs' Pack|aps|Algeria Press Service
http://www.aps.dz/en//en/health-science-technology/35448-coronavirus-411-new-cases-310-recoveries-9-fatalities-in-last-24h|Coronavirus: 411 new cases, 310 recoveries, nine fatalities in last�|aps|Algeria Press Service
http://www.aps.dz/en//en/health-science-technology/35375-covid-19-algeria-records-469-new-cases-336-recoveries-and-nine-deaths-in-24-hours|Covid-19: Algeria records 469 new cases, 336 recoveries and nine�|aps|Algeria Press Service
http://www.aps.dz/en//en/health-science-technology/35214-coronavirus-515-new-cases-431-recoveries-and-8-deaths-in-last-24-hours|Coronavirus: 515 new cases, 431 recoveries and 8 deaths in last 24�|aps|Algeria Press Service
http://www.aps.dz/en//en/health-science-technology/34881-coronavirus-460-new-cases-308-recoveries-10-fatalities-in-last-24h|Coronavirus: 460 new cases, 308 recoveries, 10 fatalities in last 24h|aps|Algeria Press Service
http://www.aps.dz/en//en/health-science-technology/34703-coronavirus-283-new-cases-136-recoveries-and-7-deaths-in-last-24-hours|Coronavirus: 283 new cases, 136 recoveries and 7 deaths in last 24�|aps|Algeria Press Service
https://www.elwatan.com/edition/actualite/la-france-face-a-ses-responsabilites-27-08-2020|D�contamination et indemnisation des victimes des essais nucl�aires en Alg�rie : La France face � ses responsabilit�s|elwatan|El watan
https://www.elwatan.com/edition/economie/le-ministere-du-commerce-reactualise-sa-liste-le-sucre-et-les-pates-alimentaires-interdits-a-lexportation-27-08-2020|Le minist�re du commerce r�actualise sa liste : Le sucre et les p�tes alimentaires interdits � l�exportation|elwatan|El watan
https://www.elwatan.com/edition/actualite/sante-le-gouvernement-devoile-les-grands-axes-de-sa-reforme-hospitaliere-27-08-2020|Sant� : Le gouvernement d�voile les grands axes de sa r�forme hospitali�re|elwatan|El watan
https://www.elwatan.com/edition/actualite/le-juteux-business-des-cours-particuliers-27-08-2020|Examens de fin d�ann�e au temps de la Covid : Le juteux business des cours particuliers|elwatan|El watan
https://www.elwatan.com/edition/actualite/deux-fils-de-gaid-salah-interdits-de-quitter-le-territoire-national-27-08-2020|Deux fils de Ga�d Salah interdits de quitter le territoire national|elwatan|El watan
https://www.elwatan.com/edition/international/la-bande-de-ghaza-sous-couvre-feu-la-covid-19-et-israel-sallient-contre-les-ghazaouis-27-08-2020|La bande de Ghaza sous couvre-feu : La Covid-19 et Isra�l s�allient contre les Ghazaouis|elwatan|El watan
https://www.elwatan.com/pages-hebdo/magazine/retour-aux-plages-dechets-salete-et-incivisme-27-08-2020|Retour aux plages : D�chets, salet� et incivisme !|elwatan|El watan
https://www.elwatan.com/edition/actualite/lindisponibilite-de-leau-potable-au-centre-des-debats-26-08-2020|Les r�serves d�eau en nette diminution|elwatan|El watan
https://www.elwatan.com/edition/actualite/la-france-face-a-ses-responsabilites-27-08-2020|D�contamination et indemnisation des victimes des essais nucl�aires ...|elwatan|El watan
https://www.elwatan.com/edition/actualite/les-effets-devastateurs-de-la-crise-de-confiance-27-08-2020|B�ja�a parmi les wilayas les plus touch�es par la covid-19 : Les ef...|elwatan|El watan
https://www.elwatan.com/edition/actualite/le-proces-de-mme-maya-renvoye-au-30-septembre-prochain-27-08-2020|Le proc�s de �Mme Maya� renvoy� au 30 septembre prochain|elwatan|El watan
https://www.elwatan.com/edition/actualite/ahmed-ouyahia-transfere-hier-a-la-prison-de-abadla-djelfa-27-08-2020|Ahmed Ouyahia transf�r� hier � la prison de Abadla (B�char)|elwatan|El watan
https://www.elwatan.com/edition/actualite/des-effets-devastateurs-27-08-2020|Essais nucl�aires fran�ais en Alg�rie : Des effets d�vastateurs|elwatan|El watan
https://www.elwatan.com/edition/actualite/sante-le-gouvernement-devoile-les-grands-axes-de-sa-reforme-hospitaliere-27-08-2020|Sant� : Le gouvernement d�voile les grands axes de sa r�forme hospitali�re|elwatan|El watan
https://www.elwatan.com/edition/actualite/le-juteux-business-des-cours-particuliers-27-08-2020|Examens de fin d�ann�e au temps de la Covid : Le juteux business des cours particuliers|elwatan|El watan
https://www.elwatan.com/edition/actualite/deux-fils-de-gaid-salah-interdits-de-quitter-le-territoire-national-27-08-2020|Deux fils de Ga�d Salah interdits de quitter le territoire national|elwatan|El watan
https://www.elwatan.com/edition/actualite/la-france-face-a-ses-responsabilites-27-08-2020|D�contamination et indemnisation des victimes des essais nucl�aires en Alg�rie : La France face � ses responsabilit�s|elwatan|El watan
https://www.elwatan.com/edition/actualite/les-effets-devastateurs-de-la-crise-de-confiance-27-08-2020|B�ja�a parmi les wilayas les plus touch�es par la covid-19 : Les effets d�vastateurs de la �crise de confiance�|elwatan|El watan
https://www.elwatan.com/edition/economie/le-ministere-du-commerce-reactualise-sa-liste-le-sucre-et-les-pates-alimentaires-interdits-a-lexportation-27-08-2020|Le minist�re du commerce r�actualise sa liste : Le sucre et les p�tes alimentaires interdits � l�exportation|elwatan|El watan
https://www.elwatan.com/edition/actualite/le-proces-de-mme-maya-renvoye-au-30-septembre-prochain-27-08-2020|Le proc�s de �Mme Maya� renvoy� au 30 septembre prochain|elwatan|El watan
https://www.elwatan.com/edition/actualite/ahmed-ouyahia-transfere-hier-a-la-prison-de-abadla-djelfa-27-08-2020|Ahmed Ouyahia transf�r� hier � la prison de Abadla (B�char)|elwatan|El watan
https://www.elwatan.com/point-zero/lettre-anonyme-avec-accuse-de-reception-27-08-2020|Lettre anonyme avec accus� de r�ception|elwatan|El watan
https://www.elwatan.com/reperes-eco/relance-economique-et-ciblage-des-activites-27-07-2020|Relance �conomique et ciblage des activit�s|elwatan|El watan
https://www.elwatan.com/chronique-de-a-merad/la-force-et-la-raison-25-06-2020|La force et la raison|elwatan|El watan
https://www.elwatan.com/edition/actualite/la-france-face-a-ses-responsabilites-27-08-2020|D�contamination et indemnisation des victimes des essais nucl�aires ...|elwatan|El watan
https://www.elwatan.com/edition/economie/le-ministere-du-commerce-reactualise-sa-liste-le-sucre-et-les-pates-alimentaires-interdits-a-lexportation-27-08-2020|Le minist�re du commerce r�actualise sa liste : Le sucre et les p�t...|elwatan|El watan
https://www.elwatan.com/edition/actualite/sante-le-gouvernement-devoile-les-grands-axes-de-sa-reforme-hospitaliere-27-08-2020|Sant� : Le gouvernement d�voile les grands axes de sa r�forme hospi...|elwatan|El watan
https://www.elwatan.com/edition/actualite/le-juteux-business-des-cours-particuliers-27-08-2020|Examens de fin d�ann�e au temps de la Covid : Le juteux business de...|elwatan|El watan
https://www.elwatan.com/edition/actualite/deux-fils-de-gaid-salah-interdits-de-quitter-le-territoire-national-27-08-2020|Deux fils de Ga�d Salah interdits de quitter le territoire national|elwatan|El watan
https://www.elwatan.com/edition/international/la-bande-de-ghaza-sous-couvre-feu-la-covid-19-et-israel-sallient-contre-les-ghazaouis-27-08-2020|La bande de Ghaza sous couvre-feu : La Covid-19 et Isra�l s�allient...|elwatan|El watan
https://www.elwatan.com/edition/actualite/la-france-face-a-ses-responsabilites-27-08-2020|D�contamination et indemnisation des victimes des essais nucl�aires ...|elwatan|El watan
https://www.elwatan.com/edition/actualite/les-effets-devastateurs-de-la-crise-de-confiance-27-08-2020|B�ja�a parmi les wilayas les plus touch�es par la covid-19 : Les ef...|elwatan|El watan
https://www.elwatan.com/edition/actualite/le-proces-de-mme-maya-renvoye-au-30-septembre-prochain-27-08-2020|Le proc�s de �Mme Maya� renvoy� au 30 septembre prochain|elwatan|El watan
https://www.elwatan.com/edition/actualite/ahmed-ouyahia-transfere-hier-a-la-prison-de-abadla-djelfa-27-08-2020|Ahmed Ouyahia transf�r� hier � la prison de Abadla (B�char)|elwatan|El watan
https://www.elwatan.com/edition/actualite/des-effets-devastateurs-27-08-2020|Essais nucl�aires fran�ais en Alg�rie : Des effets d�vastateurs|elwatan|El watan
https://www.elwatan.com/edition/actualite/sante-le-gouvernement-devoile-les-grands-axes-de-sa-reforme-hospitaliere-27-08-2020|Sant� : Le gouvernement d�voile les grands axes de sa r�forme hospi...|elwatan|El watan
https://www.elwatan.com/edition/actualite/le-juteux-business-des-cours-particuliers-27-08-2020|Examens de fin d�ann�e au temps de la Covid : Le juteux business de...|elwatan|El watan
https://www.elwatan.com/edition/actualite/la-france-face-a-ses-responsabilites-27-08-2020|D�contamination et indemnisation des victimes des essais nucl�aires en Alg�rie : La France face � ses responsabilit�s|elwatan|El watan
https://www.elwatan.com/edition/actualite/les-effets-devastateurs-de-la-crise-de-confiance-27-08-2020|B�ja�a parmi les wilayas les plus touch�es par la covid-19 : Les effets d�vastateurs de la �crise de confiance�|elwatan|El watan
https://www.elwatan.com/edition/economie/le-ministere-du-commerce-reactualise-sa-liste-le-sucre-et-les-pates-alimentaires-interdits-a-lexportation-27-08-2020|Le minist�re du commerce r�actualise sa liste : Le sucre et les p�tes alimentaires interdits � l�exportation|elwatan|El watan
https://www.elwatan.com/edition/actualite/le-proces-de-mme-maya-renvoye-au-30-septembre-prochain-27-08-2020|Le proc�s de �Mme Maya� renvoy� au 30 septembre prochain|elwatan|El watan
https://www.elwatan.com/edition/actualite/ahmed-ouyahia-transfere-hier-a-la-prison-de-abadla-djelfa-27-08-2020|Ahmed Ouyahia transf�r� hier � la prison de Abadla (B�char)|elwatan|El watan
https://www.elwatan.com/point-zero/lettre-anonyme-avec-accuse-de-reception-27-08-2020|Lettre anonyme avec accus� de r�ception|elwatan|El watan
https://www.elwatan.com/chronique-de-a-merad/la-force-et-la-raison-25-06-2020|La force et la raison|elwatan|El watan
https://www.elwatan.com/reperes-eco/relance-economique-et-ciblage-des-activites-27-07-2020|Relance �conomique et ciblage des activit�s|elwatan|El watan
https://www.elwatan.com/edition/sports/paradou-ac-hakim-malek-nouvel-entraineur-27-08-2020|Paradou AC : Hakim Malek nouvel entra�neur|elwatan|El watan
https://www.elwatan.com/edition/sports/championnat-de-ligue-1-les-propositions-de-la-faf-27-08-2020|Championnat de Ligue 1 : Les propositions de la FAF|elwatan|El watan
https://www.elwatan.com/edition/economie/le-ministere-du-commerce-reactualise-sa-liste-le-sucre-et-les-pates-alimentaires-interdits-a-lexportation-27-08-2020|Le minist�re du commerce r�actualise sa liste : Le sucre et les p�t...|elwatan|El watan
https://www.elwatan.com/edition/economie/applicable-dans-les-wilayas-du-sud-creation-dun-registre-du-commerce-de-troc-27-08-2020|Applicable dans les wilayas du Sud : Cr�ation d�un registre du com...|elwatan|El watan
https://www.elwatan.com/edition/economie/covid-19-baisse-de-98-du-pib-de-locde-au-2e-trimestre-2020-27-08-2020|Covid-19 : Baisse de 9,8% du PIB de l�OCDE au 2e trimestre 2020|elwatan|El watan
https://www.elwatan.com/edition/economie/la-situation-economique-est-des-plus-critiques-un-taux-dinflation-de-plus-de-100-au-liban-27-08-2020|La situation �conomique est des plus critiques : Un taux d�inflatio...|elwatan|El watan
https://www.elwatan.com/edition/international/la-bande-de-ghaza-sous-couvre-feu-la-covid-19-et-israel-sallient-contre-les-ghazaouis-27-08-2020|La bande de Ghaza sous couvre-feu : La Covid-19 et Isra�l s�allient...|elwatan|El watan
https://www.elwatan.com/edition/international/conflit-du-sahara-occidental-lambassadeur-sahraoui-a-alger-met-en-garde-contre-linertie-de-lonu-27-08-2020|Conflit du Sahara Occidental : L�ambassadeur sahraoui � Alger met e...|elwatan|El watan
https://www.elwatan.com/edition/international/la-rasd-denonce-un-3e-projet-solaire-a-dakhla-occupee-27-08-2020|La RASD d�nonce un 3e projet solaire � Dakhla occup�e|elwatan|El watan
https://www.elwatan.com/edition/international/bielorussie-la-cour-supreme-refuse-dinvalider-le-resultat-de-la-presidentielle-27-08-2020|Bi�lorussie : La Cour supr�me refuse d�invalider le r�sultat de l...|elwatan|El watan
https://www.elwatan.com/regions/est/annaba/vole-en-1996-recupere-et-expose-a-alger-depuis-2014-le-masque-de-la-gorgone-retrouve-le-forum-dhippone-regius-27-08-2020|Vol� en 1996, r�cup�r� et expos� � Alger depuis 2014 : Le masque...|elwatan|El watan
https://www.elwatan.com/edition/culture/7e-edition-des-rencontres-strasbourg-mediterranee-hommage-a-idir-arkoun-et-mahmoud-darwich-26-08-2020|7e �dition des rencontres Strasbourg-M�diterran�e : Hommage � Idir...|elwatan|El watan
https://www.elwatan.com/edition/culture/palais-de-la-culture-moufdi-zakaria-de-kouba-a-alger-des-artistes-algeriens-distingues-26-08-2020|Palais de la Culture Moufdi Zakaria de Kouba � Alger : Des artistes a...|elwatan|El watan
https://www.elwatan.com/regions/est/annaba/vole-en-1996-recupere-et-expose-a-alger-depuis-2014-le-masque-de-la-gorgone-retrouve-le-forum-dhippone-regius-27-08-2020|Vol� en 1996, r�cup�r� et expos� � Alger depuis 2014 : Le masque...|elwatan|El watan
https://www.elwatan.com/regions/est/actu-est/le-fleau-du-chomage-saccentue-a-cause-de-la-crise-sanitaire-25-08-2020|Boukhadra (T�bessa) : Le fl�au du ch�mage s�accentue � cause de ...|elwatan|El watan
https://www.elwatan.com/regions/est/jijel/un-acces-pour-les-investisseurs-25-08-2020|ZAAP de Bourchaid (Jijel) : Un acc�s pour les investisseurs|elwatan|El watan
https://www.elwatan.com/regions/est/actu-est/reapparition-des-activites-saisonnieres-25-08-2020|Oum El Bouaghi : R�apparition des activit�s saisonni�res|elwatan|El watan
https://www.elwatan.com/regions/est/actu-est/plusieurs-hectares-ravages-par-les-feux-de-foret-25-08-2020|Souk Ahras : Plusieurs hectares ravag�s par les feux de for�t|elwatan|El watan
https://www.elwatan.com/regions/ouest/actu-ouest/algerie-poste-le-manque-de-liquidites-persiste-a-chlef-et-sidi-bel-abbes-25-08-2020|Alg�rie poste : Le manque de liquidit�s persiste � Chlef et Sidi Be...|elwatan|El watan
https://www.elwatan.com/regions/ouest/actu-ouest/relizane-des-porteurs-de-projets-reclament-des-terrains-25-08-2020|Relizane : Des porteurs de projets r�clament des terrains|elwatan|El watan
https://www.elwatan.com/regions/ouest/tiaret/tiaret-74-associations-agreees-en-deux-mois-25-08-2020|Tiaret : 74 associations agr��es en deux mois|elwatan|El watan
https://www.elwatan.com/regions/ouest/chlef/relizane-les-revendeurs-deau-douce-regularises-24-08-2020|Enfouissement des d�chets sur le littoral de Chlef : Le nouveau CET a...|elwatan|El watan
https://www.elwatan.com/regions/kabylie/tizi-ouzou/universite-de-tizi-ouzou-retard-dans-la-livraison-de-10-000-places-pedagogiques-27-08-2020|Universit� de Tizi Ouzou : Retard dans la livraison de 10 000 places p...|elwatan|El watan
https://www.elwatan.com/regions/kabylie/tizi-ouzou/la-reprise-des-cours-simpose-si-lon-veut-sauver-lannee-universitaire-27-08-2020|Ouidir Belhimer. Coordinateur du Conseil national des enseignants du su...|elwatan|El watan
https://www.elwatan.com/regions/kabylie/tizi-ouzou/iboudrarene-inauguration-de-la-statue-du-colonel-amirouche-27-08-2020|Iboudrar�ne : Inauguration de la statue du colonel Amirouche|elwatan|El watan
https://www.elwatan.com/regions/centre/alger/plusieurs-responsables-de-la-seaal-limoges-une-gestion-contestable-attestee-par-des-coupures-recurrentes-27-08-2020|Plusieurs responsables de la SEAAL limog�s : Une gestion contestable a...|elwatan|El watan
https://www.elwatan.com/regions/centre/alger/selon-les-statistiques-de-lepic-hupe-les-plages-des-circonscriptions-de-zeralda-et-dar-el-beida-insalubres-27-08-2020|Selon les statistiques de l�epic HUPE : Les plages des circonscriptio...|elwatan|El watan
https://www.elwatan.com/pages-hebdo/etudiant/universite-de-bechar-une-plante-endemique-du-sahara-contre-le-coronavirus-03-06-2020|Universit� de B�char : Une plante end�mique du Sahara contre le coro...|elwatan|El watan
https://www.elwatan.com/edition/contributions/camus-une-enfance-pauvre-au-17-rue-de-lyon-a-alger-22-08-2020|Camus, une enfance pauvre au 17 rue de Lyon � Alger|elwatan|El watan
https://www.elwatan.com/edition/contributions/khaled-drareni-deux-ans-de-hirak-pour-rien-19-08-2020|Khaled Drareni, deux ans de hirak pour rien�?|elwatan|El watan
https://www.elwatan.com/pages-hebdo/sup-eco/en-quete-de-nouvelles-ressources-face-aux-contraintes-budgetaires-cap-sur-la-rationalisation-des-depenses-27-07-2020|En qu�te de nouvelles ressources face aux contraintes budg�taires : ...|elwatan|El watan
https://www.elwatan.com/pages-hebdo/sup-eco/zine-barka-professeur-de-finances-publiques-sans-demarche-la-quete-des-ressources-supplementaires-ne-peut-etre-quephemere-27-07-2020|Zine Barka .Professeur de finances publiques : �Sans d�marche, la qu...|elwatan|El watan
https://www.elwatan.com/regions/kabylie/tizi-ouzou/universite-de-tizi-ouzou-retard-dans-la-livraison-de-10-000-places-pedagogiques-27-08-2020|Universit� de Tizi Ouzou : Retard dans la livraison de 10 000 places ...|elwatan|El watan
https://www.elwatan.com/regions/kabylie/tizi-ouzou/la-reprise-des-cours-simpose-si-lon-veut-sauver-lannee-universitaire-27-08-2020|Ouidir Belhimer. Coordinateur du Conseil national des enseignants du s...|elwatan|El watan
https://www.elwatan.com/pages-hebdo/magazine/retour-aux-plages-dechets-salete-et-incivisme-27-08-2020|Retour aux plages : D�chets, salet� et incivisme !|elwatan|El watan
https://www.elwatan.com/pages-hebdo/auto/kits-skd-pour-vehicules-recul-de-plus-de-31-des-importations-en-2019-23-03-2020|Kits SKD pour v�hicules : Recul de plus de 31% des importations en 20...|elwatan|El watan
https://www.elwatan.com/edition/economie/automobile-pas-daugmentation-des-tarifs-des-vignettes-01-03-2020|Automobile : Pas d�augmentation des tarifs des vignettes|elwatan|El watan
https://www.elwatan.com/pages-hebdo/france-actu/quartier-de-la-goutte-dor-la-petite-afrique-de-paris-09-08-2020|Quartier de la Goutte d�or : La �petite Afrique� de Paris|elwatan|El watan
https://www.elwatan.com/pages-hebdo/france-actu/de-plus-en-plus-lourd-detre-loin-la-detresse-des-etudiants-etrangers-bloques-en-france-08-08-2020|�De plus en plus lourd d��tre loin� : La d�tresse des �tudiants...|elwatan|El watan
https://www.elwatan.com/pages-hebdo/histoire/ahmed-zobiri-un-moudjahid-qui-decede-le-jour-de-son-voeu-24-08-2020|Ahmed Zobiri, un moudjahid qui d�c�de le jour de son� v�u|elwatan|El watan
https://www.elwatan.com/pages-hebdo/sante/fermeture-des-centres-specialises-et-changement-des-habitudes-le-confinement-source-dangoisse-pour-les-enfants-autistes-11-08-2020|Fermeture des centres sp�cialis�s et changement des habitudes : Le c...|elwatan|El watan
https://www.elwatan.com/pages-hebdo/portrait/evocation-kader-benaicha-parcours-dun-battant-un-militant-associatif-18-08-2020|�vocation. Kader Bena�cha : Parcours d�un battant, un militant ass...|elwatan|El watan
https://www.elwatan.com/pages-hebdo/portrait/larinouna-maamar-marathonman-du-tourisme-11-08-2020|Larinouna M�amar : Marathonman du tourisme|elwatan|El watan
https://www.elwatan.com/?blackhole=4d6857b85e|Do NOT follow this link or you will be banned from the site!|elwatan|El watan
https://www.liberte-algerie.com/des-gens-et-des-faits|Des Gens et des Faits|lib|Libert�-Algerie
https://www.liberte-algerie.com/actualite/moufdi-zakaria-le-poetique-et-le-tres-politique-344531|Moufdi Zakaria, le poétique et le très politique|lib|Libert�-Algerie
https://www.liberte-algerie.com/actualite/ai-denonce-lharcelement-judiciaire-des-journalistes-en-algerie-344534|AI dénonce l'harcèlement judiciaire des journalistes en Algérie|lib|Libert�-Algerie
https://www.liberte-algerie.com/actualite/le-poete-du-hirak-place-de-nouveau-sous-mandat-de-depot-344532|Le poète du hirak placé de nouveau sous mandat de dépôt|lib|Libert�-Algerie
https://www.liberte-algerie.com/actualite/entretien-telephonique-entre-tebboune-et-macron-344533|Entretien téléphonique entre Tebboune et Macron|lib|Libert�-Algerie
https://www.liberte-algerie.com/videos/les-mauvaises-affaires-des-couturiers-368|"Les ""mauvaises affaires"" des couturiers"|lib|Libert�-Algerie
https://www.liberte-algerie.com/videos/reprise-des-transports-en-commun-367|Reprise des transports en commun|lib|Libert�-Algerie
https://www.liberte-algerie.com/videos/tin-zaouatine-est-devenue-une-prison-a-ciel-ouvert-366|"""Tin Zaouatine est devenue une prison à ciel ouvert"""|lib|Libert�-Algerie
https://www.liberte-algerie.com/videos/reouverture-des-magasins-de-vetements-a-alger-entre-inquietude-et-deception-365|Réouverture des magasins de vêtements à Alger : entre inquiétude et déception|lib|Libert�-Algerie
https://www.liberte-algerie.com/videos/commerces-a-alger-une-reouverture-timide-les-mesures-barrieres-peu-respectees-364|Commerces à Alger : une réouverture timide, les mesures barrières peu respectées|lib|Libert�-Algerie
https://www.liberte-algerie.com/videos/lancement-du-systeme-de-management-anti-corruption-en-algerie-362|Lancement du système de management anti-corruption en Algérie|lib|Libert�-Algerie
https://www.liberte-algerie.com/culture/cap-sur-une-economie-culturelle-344427|Cap sur une économie culturelle|lib|Libert�-Algerie
https://www.liberte-algerie.com/culture/des-hymnes-patriotiques-televises-juges-racistes-en-grande-bretagne-344425|Des hymnes patriotiques télévisés jugés racistes en Grande-Bretagne|lib|Libert�-Algerie
https://www.liberte-algerie.com/photos/les-murs-cette-autre-tribune-des-supporters-de-lalgerois-398|Les murs, cette autre tribune des supporters de l'Algérois|lib|Libert�-Algerie
https://www.liberte-algerie.com/photos/37e-manifestation-des-etudiants-a-alger-395|37e manifestation des étudiants à Alger|lib|Libert�-Algerie
https://www.liberte-algerie.com/photos/33e-vendredi-de-mobilisation-populaire-a-alger-394|33e vendredi de mobilisation populaire à Alger|lib|Libert�-Algerie
https://www.liberte-algerie.com/photos/31e-manifestation-du-vendredi-a-alger-393|31e manifestation du vendredi à Alger|lib|Libert�-Algerie
https://www.liberte-algerie.com/photos/29e-manifestation-des-etudiants-a-alger-392|29e manifestation des étudiants à Alger|lib|Libert�-Algerie
https://www.liberte-algerie.com/photos/26e-manifestation-des-etudiants-a-alger-391|26e manifestation des étudiants à Alger|lib|Libert�-Algerie
https://www.liberte-algerie.com/international/guerre-energetique-en-mediterranee-orientale-344515|Guerre énergétique en Méditerranée orientale|lib|Libert�-Algerie
https://www.liberte-algerie.com/contribution/prohibition-et-floraison-du-commerce-souterrain-344506|Prohibition et floraison du commerce souterrain|lib|Libert�-Algerie
https://www.liberte-algerie.com/contribution/rendre-le-fln-au-fln-344289|Rendre le FLN au FLN|lib|Libert�-Algerie
https://www.liberte-algerie.com/contribution/vivre-avec-la-pandemie-covid-19-a-oran-344255|Vivre avec la pandémie Covid-19 à Oran|lib|Libert�-Algerie
https://www.liberte-algerie.com/contribution/une-profession-aussi-devoyee-que-son-enseignement-343983|Une profession aussi dévoyée que son enseignement|lib|Libert�-Algerie
https://www.liberte-algerie.com/contribution/une-profession-aussi-devoyee-que-son-enseignement-343923|Une profession aussi dévoyée que son enseignement|lib|Libert�-Algerie
https://www.liberte-algerie.com/chronique/le-baiser-de-mahrez-et-le-seisme-de-mila-et-de-tipasa-493|Le baiser de Mahrez et le séisme de Mila et de Tipasa|lib|Libert�-Algerie
https://www.liberte-algerie.com/chronique/la-democratie-hallal-expliquee-aux-egares-491|La démocratie hallal expliquée aux égarés !|lib|Libert�-Algerie
https://www.liberte-algerie.com/chronique/la-femme-qui-embrasse-les-pieds-de-son-homme-490|La femme qui embrasse les pieds de son homme !|lib|Libert�-Algerie
https://www.liberte-algerie.com/chronique/nos-prenoms-dissimulent-tant-de-guerres-et-tant-de-conflits-489|Nos prénoms dissimulent tant de guerres et tant de conflits !|lib|Libert�-Algerie
https://www.liberte-algerie.com/chronique/du-coran-de-saddam-a-la-bible-de-trump-488|Du Coran de Saddam à la Bible de Trump|lib|Libert�-Algerie
https://www.liberte-algerie.com/chronique/pour-une-cartographie-des-langues-algeriennes-487|Pour une cartographie des langues algériennes|lib|Libert�-Algerie
https://www.liberte-algerie.com/chronique/les-arts-les-langues-etrangeres-et-les-femmes-486|Les arts, les langues étrangères et les femmes|lib|Libert�-Algerie
https://www.liberte-algerie.com/chronique/je-veux-partir-seul-au-paradis-484|Je veux partir seul au paradis !|lib|Libert�-Algerie
https://www.liberte-algerie.com/chronique/des-livres-des-hommes-et-une-religion-483|Des livres, des hommes et une religion|lib|Libert�-Algerie
https://www.liberte-algerie.com/a-la-une/ali-haddad-et-les-lobbyistes-americains-343361|Ali Haddad et les lobbyistes américains|lib|Libert�-Algerie
https://www.liberte-algerie.com/a-la-une/quietude-sur-le-toit-de-la-kabylie-344369|quiétude sur le toit de la Kabylie|lib|Libert�-Algerie
https://www.liberte-algerie.com/a-la-une/plus-de-400-ressortissants-algeriens-accueillis-a-tizi-ouzou-342957|Plus de 400 ressortissants algériens accueillis à Tizi Ouzou|lib|Libert�-Algerie
http://www.elmoudjahid.com/fr/videos/340|"Vid�os
25 ao�t 1958, une date m�connue de la r�volution alg�rienne"|mhjd|El Moudjahid
http://www.elmoudjahid.com/fr/videos/339|"Vid�os
Dr Fawzi Derrar, directeur g�n�ral par int�rim de l�Institut Pasteur au Forum d'El Moudjahid"|mhjd|El Moudjahid
http://www.elmoudjahid.com/fr/videos/338|"Vid�os
M. Djerid�ne , invit� du Forum"|mhjd|El Moudjahid
http://www.elmoudjahid.com/fr/videos/337|"Vid�os
Forum de la m�moire : 83�me anniversaire de la cr�ation du PPA"|mhjd|El Moudjahid
http://www.elmoudjahid.com/fr/videos/336|"Vid�os
Au Forum d'El Moudjahid : Me Nadia A�t Za�militante des droitsde l�homme"|mhjd|El Moudjahid
http://www.elmoudjahid.com/fr/videos/334|"Vid�os
Hommage � Larbi Ben M�hidi : Les Scouts musulmans dans la lutte de Lib�ration"|mhjd|El Moudjahid
http://www.elmoudjahid.com/fr/videos/333|"Vid�os
M. A�ssa Bekka�, ministre d�l�gu� charg� du Commerce ext�rieur,sera notre invit�"|mhjd|El Moudjahid
http://www.elmoudjahid.com/fr/videos/332|"Vid�os
FORUM DE LA M�MOIRE : La protection des symboles de la R�volution dans la nouvelle Constitution"|mhjd|El Moudjahid
http://www.elmoudjahid.com/fr/videos/331|"Vid�os
Au forum d'El Moudjahid : M. Azouza, directeur de l�Office national du p�lerinage"|mhjd|El Moudjahid
http://www.elmoudjahid.com/fr/videos/330|"Vid�os
AU FORUM DE LA M�MOIRE : Hommage aux �ducateurs des enfants de chouhada"|mhjd|El Moudjahid
http://www.elmoudjahid.com/fr/actualites/156371|Reportage, A la d�couverte du plateau de Tizi-Halouane  : Des paysages �poustouflants|mhjd|El Moudjahid
http://www.elmoudjahid.com/fr/actualites/156240|Dispositif sp�cial confinement  de la gendarmerie � Boumerd�s : Mobilisation et vigilance accrues|mhjd|El Moudjahid
http://www.elmoudjahid.com/fr/actualites/152185|Villages Illitene et Ath Mansour (Bouira) :  �Rien n�est solitaire,tout est solidaire�|mhjd|El Moudjahid
http://www.elmoudjahid.com/fr/videos/340 |"Video
25 ao�t 1958, une date m�connue de la r�volution alg�rienne"|mhjd|El Moudjahid
http://www.elmoudjahid.com/fr/videos/339 |"Video
Dr Fawzi Derrar, directeur g�n�ral par int�rim de l�Institut Pasteur au Forum d'El Moudjahid"|mhjd|El Moudjahid
http://www.elmoudjahid.com/fr/videos/338 |"Video
M. Djerid�ne , invit� du Forum"|mhjd|El Moudjahid
http://www.elmoudjahid.com/fr/videos/337 |"Video
Forum de la m�moire : 83�me anniversaire de la cr�ation du PPA"|mhjd|El Moudjahid
http://www.elmoudjahid.com/fr/videos/336 |"Video
Au Forum d'El Moudjahid : Me Nadia A�t Za�militante des droitsde l�homme"|mhjd|El Moudjahid
http://www.elmoudjahid.com/fr/videos/334 |"Video
Hommage � Larbi Ben M�hidi : Les Scouts musulmans dans la lutte de Lib�ration"|mhjd|El Moudjahid
http://www.elmoudjahid.com/fr/videos/333 |"Video
M. A�ssa Bekka�, ministre d�l�gu� charg� du Commerce ext�rieur,sera notre invit�"|mhjd|El Moudjahid
http://www.elmoudjahid.com/fr/videos/332 |"Video
FORUM DE LA M�MOIRE : La protection des symboles de la R�volution dans la nouvelle Constitution"|mhjd|El Moudjahid
http://www.elmoudjahid.com/fr/videos/331 |"Video
Au forum d'El Moudjahid : M. Azouza, directeur de l�Office national du p�lerinage"|mhjd|El Moudjahid
http://www.elmoudjahid.com/fr/videos/330 |"Video
AU FORUM DE LA M�MOIRE : Hommage aux �ducateurs des enfants de chouhada"|mhjd|El Moudjahid
http://www.elmoudjahid.com/fr/inscription/requestpass|� Probl�me de mot de passe ?|mhjd|El Moudjahid
http://www.elmoudjahid.com/fr/videos/340 |"Video
25 ao�t 1958, une date m�connue de la r�volution alg�rienne"|mhjd|El Moudjahid
http://www.elmoudjahid.com/fr/videos/339 |"Video
Dr Fawzi Derrar, directeur g�n�ral par int�rim de l�Institut Pasteur au Forum d'El Moudjahid"|mhjd|El Moudjahid
http://www.elmoudjahid.com/fr/videos/338 |"Video
M. Djerid�ne , invit� du Forum"|mhjd|El Moudjahid
http://www.elmoudjahid.com/fr/videos/337 |"Video
Forum de la m�moire : 83�me anniversaire de la cr�ation du PPA"|mhjd|El Moudjahid
http://www.elmoudjahid.com/fr/videos/336 |"Video
Au Forum d'El Moudjahid : Me Nadia A�t Za�militante des droitsde l�homme"|mhjd|El Moudjahid
http://www.elmoudjahid.com/fr/videos/334 |"Video
Hommage � Larbi Ben M�hidi : Les Scouts musulmans dans la lutte de Lib�ration"|mhjd|El Moudjahid
http://www.elmoudjahid.com/fr/videos/333 |"Video
M. A�ssa Bekka�, ministre d�l�gu� charg� du Commerce ext�rieur,sera notre invit�"|mhjd|El Moudjahid
http://www.elmoudjahid.com/fr/videos/332 |"Video
FORUM DE LA M�MOIRE : La protection des symboles de la R�volution dans la nouvelle Constitution"|mhjd|El Moudjahid
http://www.elmoudjahid.com/fr/videos/331 |"Video
Au forum d'El Moudjahid : M. Azouza, directeur de l�Office national du p�lerinage"|mhjd|El Moudjahid
http://www.elmoudjahid.com/fr/videos/330 |"Video
AU FORUM DE LA M�MOIRE : Hommage aux �ducateurs des enfants de chouhada"|mhjd|El Moudjahid
https://www.liberte-algerie.com/actualite/387-nouveaux-cas-confirmes-et-8-deces-en-algerie-344536|387 nouveaux cas confirmés et 8 décès en Algérie|lib|Libert-Algerie
